date,countries,iso2,cu_cases,cu_deaths
2020-03-07,Costa_Rica,CR,1,0
2020-03-09,Costa_Rica,CR,5,0
2020-03-10,Costa_Rica,CR,9,0
2020-03-10,Panama,PA,1,0
2020-03-11,Costa_Rica,CR,13,0
2020-03-11,Panama,PA,7,1
2020-03-12,Costa_Rica,CR,22,0
2020-03-12,Honduras,HN,2,0
2020-03-12,Panama,PA,14,1
2020-03-13,Costa_Rica,CR,23,0
2020-03-13,Panama,PA,27,1
2020-03-14,Costa_Rica,CR,26,0
2020-03-14,Honduras,HN,3,0
2020-03-14,Panama,PA,36,1
2020-03-15,Costa_Rica,CR,27,0
2020-03-15,Guatemala,GT,1,0
2020-03-15,Panama,PA,43,1
2020-03-16,Costa_Rica,CR,35,0
2020-03-16,Guatemala,GT,1,1
2020-03-16,Honduras,HN,6,0
2020-03-16,Panama,PA,43,1
2020-03-17,Costa_Rica,CR,41,0
2020-03-17,Guatemala,GT,6,1
2020-03-17,Honduras,HN,8,0
2020-03-17,Panama,PA,69,1
2020-03-18,Costa_Rica,CR,50,0
2020-03-18,Guatemala,GT,6,1
2020-03-18,Honduras,HN,9,0
2020-03-18,Nicaragua,NI,3,0
2020-03-18,Panama,PA,86,1
2020-03-19,Costa_Rica,CR,69,1
2020-03-19,El_Salvador,SV,1,0
2020-03-19,Guatemala,GT,8,1
2020-03-19,Honduras,HN,12,0
2020-03-19,Nicaragua,NI,20,0
2020-03-19,Panama,PA,109,1
2020-03-20,Costa_Rica,CR,87,1
2020-03-20,El_Salvador,SV,1,0
2020-03-20,Guatemala,GT,9,1
2020-03-20,Honduras,HN,24,0
2020-03-20,Nicaragua,NI,36,0
2020-03-20,Panama,PA,137,1
2020-03-21,Costa_Rica,CR,113,2
2020-03-21,El_Salvador,SV,3,0
2020-03-21,Guatemala,GT,13,1
2020-03-21,Honduras,HN,24,0
2020-03-21,Nicaragua,NI,46,0
2020-03-21,Panama,PA,200,1
2020-03-22,Costa_Rica,CR,117,2
2020-03-22,El_Salvador,SV,3,0
2020-03-22,Guatemala,GT,17,1
2020-03-22,Honduras,HN,26,0
2020-03-22,Nicaragua,NI,47,1
2020-03-22,Panama,PA,245,3
2020-03-23,Costa_Rica,CR,134,2
2020-03-23,El_Salvador,SV,3,0
2020-03-23,Guatemala,GT,19,1
2020-03-23,Honduras,HN,27,0
2020-03-23,Nicaragua,NI,56,1
2020-03-23,Panama,PA,313,3
2020-03-24,Belize,BZ,1,0
2020-03-24,Costa_Rica,CR,158,2
2020-03-24,El_Salvador,SV,5,0
2020-03-24,Guatemala,GT,20,1
2020-03-24,Honduras,HN,30,0
2020-03-24,Nicaragua,NI,70,1
2020-03-24,Panama,PA,345,6
2020-03-25,Belize,BZ,1,0
2020-03-25,Costa_Rica,CR,177,2
2020-03-25,El_Salvador,SV,9,0
2020-03-25,Guatemala,GT,21,1
2020-03-25,Honduras,HN,36,0
2020-03-25,Nicaragua,NI,78,1
2020-03-25,Panama,PA,443,6
2020-03-26,Belize,BZ,2,0
2020-03-26,Costa_Rica,CR,201,2
2020-03-26,El_Salvador,SV,13,0
2020-03-26,Guatemala,GT,24,1
2020-03-26,Honduras,HN,52,0
2020-03-26,Nicaragua,NI,80,1
2020-03-26,Panama,PA,588,6
2020-03-27,Belize,BZ,2,0
2020-03-27,Costa_Rica,CR,231,2
2020-03-27,El_Salvador,SV,13,0
2020-03-27,Guatemala,GT,25,1
2020-03-27,Honduras,HN,67,1
2020-03-27,Nicaragua,NI,86,1
2020-03-27,Panama,PA,674,9
2020-03-28,Belize,BZ,2,0
2020-03-28,Costa_Rica,CR,263,2
2020-03-28,El_Salvador,SV,13,0
2020-03-28,Guatemala,GT,32,1
2020-03-28,Honduras,HN,95,1
2020-03-28,Nicaragua,NI,90,2
2020-03-28,Panama,PA,786,14
2020-03-29,Belize,BZ,2,0
2020-03-29,Costa_Rica,CR,295,2
2020-03-29,El_Salvador,SV,19,0
2020-03-29,Guatemala,GT,34,1
2020-03-29,Honduras,HN,110,2
2020-03-29,Nicaragua,NI,101,5
2020-03-29,Panama,PA,901,17
2020-03-30,Belize,BZ,2,0
2020-03-30,Costa_Rica,CR,314,2
2020-03-30,El_Salvador,SV,30,0
2020-03-30,Guatemala,GT,36,1
2020-03-30,Honduras,HN,139,3
2020-03-30,Nicaragua,NI,105,5
2020-03-30,Panama,PA,989,24
2020-03-31,Belize,BZ,3,0
2020-03-31,Costa_Rica,CR,330,2
2020-03-31,El_Salvador,SV,32,0
2020-03-31,Guatemala,GT,36,1
2020-03-31,Honduras,HN,141,7
2020-03-31,Nicaragua,NI,123,7
2020-03-31,Panama,PA,1075,26
2020-04-01,Belize,BZ,3,0
2020-04-01,Costa_Rica,CR,347,2
2020-04-01,El_Salvador,SV,32,1
2020-04-01,Guatemala,GT,38,1
2020-04-01,Honduras,HN,172,10
2020-04-01,Nicaragua,NI,132,7
2020-04-01,Panama,PA,1181,30
2020-04-02,Belize,BZ,3,0
2020-04-02,Costa_Rica,CR,375,2
2020-04-02,El_Salvador,SV,41,2
2020-04-02,Guatemala,GT,46,1
2020-04-02,Honduras,HN,219,14
2020-04-02,Nicaragua,NI,154,8
2020-04-02,Panama,PA,1317,32
2020-04-03,Belize,BZ,3,0
2020-04-03,Costa_Rica,CR,396,2
2020-04-03,El_Salvador,SV,46,2
2020-04-03,Guatemala,GT,47,1
2020-04-03,Honduras,HN,222,15
2020-04-03,Nicaragua,NI,161,12
2020-04-03,Panama,PA,1475,37
2020-04-04,Belize,BZ,4,0
2020-04-04,Costa_Rica,CR,416,2
2020-04-04,El_Salvador,SV,56,3
2020-04-04,Guatemala,GT,50,1
2020-04-04,Honduras,HN,264,15
2020-04-04,Nicaragua,NI,188,12
2020-04-04,Panama,PA,1673,41
2020-04-05,Belize,BZ,4,0
2020-04-05,Costa_Rica,CR,435,2
2020-04-05,El_Salvador,SV,62,3
2020-04-05,Guatemala,GT,61,2
2020-04-05,Honduras,HN,268,22
2020-04-05,Nicaragua,NI,191,13
2020-04-05,Panama,PA,1801,46
2020-04-06,Belize,BZ,5,1
2020-04-06,Costa_Rica,CR,454,2
2020-04-06,El_Salvador,SV,69,3
2020-04-06,Guatemala,GT,70,3
2020-04-06,Honduras,HN,298,22
2020-04-06,Nicaragua,NI,204,14
2020-04-06,Panama,PA,1988,54
2020-04-07,Belize,BZ,7,1
2020-04-07,Costa_Rica,CR,467,2
2020-04-07,El_Salvador,SV,78,4
2020-04-07,Guatemala,GT,74,3
2020-04-07,Honduras,HN,305,22
2020-04-07,Nicaragua,NI,212,15
2020-04-07,Panama,PA,2100,55
2020-04-08,Belize,BZ,7,1
2020-04-08,Costa_Rica,CR,483,2
2020-04-08,El_Salvador,SV,78,4
2020-04-08,Guatemala,GT,80,3
2020-04-08,Honduras,HN,312,22
2020-04-08,Nicaragua,NI,216,15
2020-04-08,Panama,PA,2249,59
2020-04-09,Belize,BZ,8,1
2020-04-09,Costa_Rica,CR,502,2
2020-04-09,El_Salvador,SV,103,5
2020-04-09,Guatemala,GT,87,3
2020-04-09,Honduras,HN,343,23
2020-04-09,Nicaragua,NI,223,17
2020-04-09,Panama,PA,2528,63
2020-04-10,Belize,BZ,9,1
2020-04-10,Costa_Rica,CR,539,3
2020-04-10,El_Salvador,SV,117,6
2020-04-10,Guatemala,GT,126,3
2020-04-10,Honduras,HN,382,23
2020-04-10,Nicaragua,NI,231,17
2020-04-10,Panama,PA,2752,66
2020-04-11,Belize,BZ,10,2
2020-04-11,Costa_Rica,CR,558,3
2020-04-11,El_Salvador,SV,118,6
2020-04-11,Guatemala,GT,137,3
2020-04-11,Honduras,HN,392,24
2020-04-11,Nicaragua,NI,237,17
2020-04-11,Panama,PA,2974,74
2020-04-12,Belize,BZ,13,2
2020-04-12,Costa_Rica,CR,577,3
2020-04-12,El_Salvador,SV,118,6
2020-04-12,Guatemala,GT,153,3
2020-04-12,Honduras,HN,393,25
2020-04-12,Nicaragua,NI,240,18
2020-04-12,Panama,PA,3234,79
2020-04-13,Belize,BZ,14,2
2020-04-13,Costa_Rica,CR,595,3
2020-04-13,El_Salvador,SV,125,6
2020-04-13,Guatemala,GT,156,5
2020-04-13,Honduras,HN,397,25
2020-04-13,Nicaragua,NI,258,20
2020-04-13,Panama,PA,3400,87
2020-04-14,Belize,BZ,18,2
2020-04-14,Costa_Rica,CR,612,3
2020-04-14,El_Salvador,SV,149,6
2020-04-14,Guatemala,GT,167,5
2020-04-14,Honduras,HN,407,26
2020-04-14,Nicaragua,NI,267,21
2020-04-14,Panama,PA,3472,94
2020-04-15,Belize,BZ,18,2
2020-04-15,Costa_Rica,CR,618,3
2020-04-15,El_Salvador,SV,159,6
2020-04-15,Guatemala,GT,180,5
2020-04-15,Honduras,HN,419,31
2020-04-15,Nicaragua,NI,269,22
2020-04-15,Panama,PA,3574,95
2020-04-16,Belize,BZ,18,2
2020-04-16,Costa_Rica,CR,626,4
2020-04-16,El_Salvador,SV,159,6
2020-04-16,Guatemala,GT,196,5
2020-04-16,Honduras,HN,426,35
2020-04-16,Nicaragua,NI,277,23
2020-04-16,Panama,PA,3751,103
2020-04-17,Belize,BZ,18,2
2020-04-17,Costa_Rica,CR,642,4
2020-04-17,El_Salvador,SV,164,6
2020-04-17,Guatemala,GT,214,7
2020-04-17,Honduras,HN,442,41
2020-04-17,Nicaragua,NI,279,24
2020-04-17,Panama,PA,4016,109
2020-04-18,Belize,BZ,18,2
2020-04-18,Costa_Rica,CR,649,4
2020-04-18,El_Salvador,SV,177,7
2020-04-18,Guatemala,GT,235,7
2020-04-18,Honduras,HN,457,46
2020-04-18,Nicaragua,NI,311,28
2020-04-18,Panama,PA,4210,116
2020-04-19,Belize,BZ,18,2
2020-04-19,Costa_Rica,CR,655,4
2020-04-19,El_Salvador,SV,190,7
2020-04-19,Guatemala,GT,257,7
2020-04-19,Honduras,HN,472,46
2020-04-19,Nicaragua,NI,317,28
2020-04-19,Panama,PA,4273,120
2020-04-20,Belize,BZ,18,2
2020-04-20,Costa_Rica,CR,660,4
2020-04-20,El_Salvador,SV,201,7
2020-04-20,Guatemala,GT,289,7
2020-04-20,Honduras,HN,477,46
2020-04-20,Nicaragua,NI,327,30
2020-04-20,Panama,PA,4467,126
2020-04-21,Belize,BZ,18,2
2020-04-21,Costa_Rica,CR,662,6
2020-04-21,El_Salvador,SV,218,7
2020-04-21,Guatemala,GT,294,7
2020-04-21,Honduras,HN,494,46
2020-04-21,Nicaragua,NI,339,32
2020-04-21,Panama,PA,4658,136
2020-04-22,Belize,BZ,18,2
2020-04-22,Costa_Rica,CR,669,6
2020-04-22,El_Salvador,SV,225,7
2020-04-22,Guatemala,GT,316,8
2020-04-22,Honduras,HN,510,46
2020-04-22,Nicaragua,NI,347,34
2020-04-22,Panama,PA,4821,141
2020-04-23,Belize,BZ,18,2
2020-04-23,Costa_Rica,CR,681,6
2020-04-23,El_Salvador,SV,237,8
2020-04-23,Guatemala,GT,342,10
2020-04-23,Honduras,HN,519,47
2020-04-23,Nicaragua,NI,360,36
2020-04-23,Panama,PA,4992,144
2020-04-24,Belize,BZ,18,2
2020-04-24,Costa_Rica,CR,687,6
2020-04-24,El_Salvador,SV,250,8
2020-04-24,Guatemala,GT,384,11
2020-04-24,Honduras,HN,519,47
2020-04-24,Nicaragua,NI,370,37
2020-04-24,Panama,PA,5166,146
2020-04-25,Belize,BZ,18,2
2020-04-25,Costa_Rica,CR,687,6
2020-04-25,El_Salvador,SV,261,8
2020-04-25,Guatemala,GT,430,11
2020-04-25,Honduras,HN,591,47
2020-04-25,Nicaragua,NI,395,43
2020-04-25,Panama,PA,5338,154
2020-04-26,Belize,BZ,18,2
2020-04-26,Costa_Rica,CR,693,6
2020-04-26,El_Salvador,SV,298,8
2020-04-26,Guatemala,GT,473,13
2020-04-26,Honduras,HN,627,59
2020-04-26,Nicaragua,NI,402,46
2020-04-26,Panama,PA,5538,159
2020-04-27,Belize,BZ,18,2
2020-04-27,Costa_Rica,CR,695,6
2020-04-27,El_Salvador,SV,298,8
2020-04-27,Guatemala,GT,500,15
2020-04-27,Honduras,HN,661,61
2020-04-27,Nicaragua,NI,423,49
2020-04-27,Panama,PA,5779,165
2020-04-28,Belize,BZ,18,2
2020-04-28,Costa_Rica,CR,697,6
2020-04-28,El_Salvador,SV,323,8
2020-04-28,Guatemala,GT,530,15
2020-04-28,Honduras,HN,693,61
2020-04-28,Nicaragua,NI,452,53
2020-04-28,Panama,PA,6021,167
2020-04-29,Belize,BZ,18,2
2020-04-29,Costa_Rica,CR,705,6
2020-04-29,El_Salvador,SV,345,9
2020-04-29,Guatemala,GT,557,16
2020-04-29,Honduras,HN,738,66
2020-04-29,Nicaragua,NI,480,56
2020-04-29,Panama,PA,6200,176
2020-04-30,Belize,BZ,18,2
2020-04-30,Costa_Rica,CR,713,6
2020-04-30,El_Salvador,SV,377,9
2020-04-30,Guatemala,GT,585,16
2020-04-30,Honduras,HN,771,71
2020-04-30,Nicaragua,NI,492,57
2020-04-30,Panama,PA,6378,178
2020-05-01,Belize,BZ,18,2
2020-05-01,Costa_Rica,CR,719,6
2020-05-01,El_Salvador,SV,424,10
2020-05-01,Guatemala,GT,599,16
2020-05-01,Honduras,HN,804,75
2020-05-01,Nicaragua,NI,506,60
2020-05-01,Panama,PA,6532,188
2020-05-02,Belize,BZ,18,2
2020-05-02,Costa_Rica,CR,725,6
2020-05-02,El_Salvador,SV,446,10
2020-05-02,Guatemala,GT,644,16
2020-05-02,Honduras,HN,899,75
2020-05-02,Nicaragua,NI,552,67
2020-05-02,Panama,PA,6720,192
2020-05-03,Belize,BZ,18,2
2020-05-03,Costa_Rica,CR,733,6
2020-05-03,El_Salvador,SV,446,11
2020-05-03,Guatemala,GT,688,17
2020-05-03,Honduras,HN,1010,76
2020-05-03,Nicaragua,NI,670,78
2020-05-03,Panama,PA,7090,197
2020-05-04,Belize,BZ,18,2
2020-05-04,Costa_Rica,CR,739,6
2020-05-04,El_Salvador,SV,555,12
2020-05-04,Guatemala,GT,703,17
2020-05-04,Honduras,HN,1055,82
2020-05-04,Nicaragua,NI,767,82
2020-05-04,Panama,PA,7197,200
2020-05-05,Belize,BZ,18,2
2020-05-05,Costa_Rica,CR,742,6
2020-05-05,El_Salvador,SV,587,13
2020-05-05,Guatemala,GT,730,19
2020-05-05,Honduras,HN,1178,82
2020-05-05,Nicaragua,NI,825,87
2020-05-05,Panama,PA,7387,203
2020-05-06,Belize,BZ,18,2
2020-05-06,Costa_Rica,CR,755,6
2020-05-06,El_Salvador,SV,587,14
2020-05-06,Guatemala,GT,763,19
2020-05-06,Honduras,HN,1270,93
2020-05-06,Nicaragua,NI,860,91
2020-05-06,Panama,PA,7523,210
2020-05-07,Belize,BZ,18,2
2020-05-07,Costa_Rica,CR,761,6
2020-05-07,El_Salvador,SV,695,15
2020-05-07,Guatemala,GT,798,21
2020-05-07,Honduras,HN,1461,99
2020-05-07,Nicaragua,NI,937,113
2020-05-07,Panama,PA,7731,218
2020-05-08,Belize,BZ,18,2
2020-05-08,Costa_Rica,CR,765,6
2020-05-08,El_Salvador,SV,695,15
2020-05-08,Guatemala,GT,832,23
2020-05-08,Honduras,HN,1685,105
2020-05-08,Nicaragua,NI,1013,145
2020-05-08,Panama,PA,7868,225
2020-05-09,Belize,BZ,18,2
2020-05-09,Costa_Rica,CR,773,6
2020-05-09,El_Salvador,SV,784,16
2020-05-09,Guatemala,GT,900,24
2020-05-09,Honduras,HN,1771,107
2020-05-09,Nicaragua,NI,1121,190
2020-05-09,Panama,PA,8070,231
2020-05-10,Belize,BZ,18,2
2020-05-10,Costa_Rica,CR,780,6
2020-05-10,El_Salvador,SV,889,17
2020-05-10,Guatemala,GT,967,24
2020-05-10,Honduras,HN,1830,108
2020-05-10,Nicaragua,NI,1163,205
2020-05-10,Panama,PA,8282,237
2020-05-11,Belize,BZ,18,2
2020-05-11,Costa_Rica,CR,792,6
2020-05-11,El_Salvador,SV,958,17
2020-05-11,Guatemala,GT,1052,26
2020-05-11,Honduras,HN,1972,108
2020-05-11,Nicaragua,NI,1257,233
2020-05-11,Panama,PA,8448,244
2020-05-12,Belize,BZ,18,2
2020-05-12,Costa_Rica,CR,801,7
2020-05-12,El_Salvador,SV,998,18
2020-05-12,Guatemala,GT,1114,26
2020-05-12,Honduras,HN,2006,116
2020-05-12,Nicaragua,NI,1333,251
2020-05-12,Panama,PA,8616,249
2020-05-13,Belize,BZ,18,2
2020-05-13,Costa_Rica,CR,804,7
2020-05-13,El_Salvador,SV,1037,20
2020-05-13,Guatemala,GT,1199,27
2020-05-13,Honduras,HN,2080,121
2020-05-13,Nicaragua,NI,1425,274
2020-05-13,Panama,PA,8783,252
2020-05-14,Belize,BZ,18,2
2020-05-14,Costa_Rica,CR,815,7
2020-05-14,El_Salvador,SV,1112,20
2020-05-14,Guatemala,GT,1342,29
2020-05-14,Honduras,HN,2255,123
2020-05-14,Nicaragua,NI,1553,290
2020-05-14,Panama,PA,8944,256
2020-05-15,Belize,BZ,18,2
2020-05-15,Costa_Rica,CR,830,8
2020-05-15,El_Salvador,SV,1210,23
2020-05-15,Guatemala,GT,1518,29
2020-05-15,Honduras,HN,2318,133
2020-05-15,Nicaragua,NI,1661,314
2020-05-15,Panama,PA,9118,260
2020-05-16,Belize,BZ,18,2
2020-05-16,Costa_Rica,CR,843,8
2020-05-16,El_Salvador,SV,1265,25
2020-05-16,Guatemala,GT,1643,30
2020-05-16,Honduras,HN,2460,134
2020-05-16,Nicaragua,NI,1773,354
2020-05-16,Panama,PA,9268,266
2020-05-17,Belize,BZ,18,2
2020-05-17,Costa_Rica,CR,853,10
2020-05-17,El_Salvador,SV,1265,26
2020-05-17,Guatemala,GT,1763,33
2020-05-17,Honduras,HN,2565,138
2020-05-17,Nicaragua,NI,1918,381
2020-05-17,Panama,PA,9449,269
2020-05-18,Belize,BZ,18,2
2020-05-18,Costa_Rica,CR,863,10
2020-05-18,El_Salvador,SV,1338,30
2020-05-18,Guatemala,GT,1912,35
2020-05-18,Honduras,HN,2646,142
2020-05-18,Nicaragua,NI,2086,408
2020-05-18,Panama,PA,9606,275
2020-05-19,Belize,BZ,18,2
2020-05-19,Costa_Rica,CR,866,10
2020-05-19,El_Salvador,SV,1413,30
2020-05-19,Guatemala,GT,2001,38
2020-05-19,Honduras,HN,2798,146
2020-05-19,Nicaragua,NI,2188,449
2020-05-19,Panama,PA,9726,279
2020-05-20,Belize,BZ,18,2
2020-05-20,Costa_Rica,CR,882,10
2020-05-20,El_Salvador,SV,1498,31
2020-05-20,Guatemala,GT,2133,43
2020-05-20,Honduras,HN,2955,147
2020-05-20,Nicaragua,NI,2315,477
2020-05-20,Panama,PA,9867,281
2020-05-21,Belize,BZ,18,2
2020-05-21,Costa_Rica,CR,897,10
2020-05-21,El_Salvador,SV,1571,32
2020-05-21,Guatemala,GT,2265,45
2020-05-21,Honduras,HN,3100,151
2020-05-21,Nicaragua,NI,2440,523
2020-05-21,Panama,PA,9977,287
2020-05-22,Belize,BZ,18,2
2020-05-22,Costa_Rica,CR,903,10
2020-05-22,El_Salvador,SV,1640,33
2020-05-22,Guatemala,GT,2512,48
2020-05-22,Honduras,HN,3204,156
2020-05-22,Nicaragua,NI,2629,580
2020-05-22,Panama,PA,10116,291
2020-05-23,Belize,BZ,18,2
2020-05-23,Costa_Rica,CR,911,10
2020-05-23,El_Salvador,SV,1725,33
2020-05-23,Guatemala,GT,2743,51
2020-05-23,Honduras,HN,3477,167
2020-05-23,Nicaragua,NI,2720,616
2020-05-23,Panama,PA,10267,295
2020-05-24,Belize,BZ,18,2
2020-05-24,Costa_Rica,CR,918,10
2020-05-24,El_Salvador,SV,1819,35
2020-05-24,Guatemala,GT,3054,55
2020-05-24,Honduras,HN,3743,174
2020-05-24,Nicaragua,NI,2800,646
2020-05-24,Panama,PA,10577,299
2020-05-25,Belize,BZ,18,2
2020-05-25,Costa_Rica,CR,930,10
2020-05-25,El_Salvador,SV,1915,35
2020-05-25,Guatemala,GT,3424,58
2020-05-25,Honduras,HN,3950,180
2020-05-25,Nicaragua,NI,2965,704
2020-05-25,Panama,PA,10926,306
2020-05-26,Belize,BZ,18,2
2020-05-26,Costa_Rica,CR,951,10
2020-05-26,El_Salvador,SV,1983,36
2020-05-26,Guatemala,GT,3760,59
2020-05-26,Honduras,HN,4189,182
2020-05-26,Nicaragua,NI,3110,740
2020-05-26,Panama,PA,11183,310
2020-05-27,Belize,BZ,18,2
2020-05-27,Costa_Rica,CR,956,10
2020-05-27,El_Salvador,SV,2042,36
2020-05-27,Guatemala,GT,3954,63
2020-05-27,Honduras,HN,4401,188
2020-05-27,Nicaragua,NI,3335,828
2020-05-27,Panama,PA,11447,313
2020-05-28,Belize,BZ,18,2
2020-05-28,Costa_Rica,CR,984,10
2020-05-28,El_Salvador,SV,2109,39
2020-05-28,Guatemala,GT,4145,68
2020-05-28,Honduras,HN,4640,194
2020-05-28,Nicaragua,NI,3489,872
2020-05-28,Panama,PA,11728,315
2020-05-29,Belize,BZ,18,2
2020-05-29,Costa_Rica,CR,1000,10
2020-05-29,El_Salvador,SV,2194,39
2020-05-29,Guatemala,GT,4348,80
2020-05-29,Honduras,HN,4752,196
2020-05-29,Nicaragua,NI,3597,905
2020-05-29,Panama,PA,12131,320
2020-05-30,Belize,BZ,18,2
2020-05-30,Costa_Rica,CR,1022,10
2020-05-30,El_Salvador,SV,2278,43
2020-05-30,Guatemala,GT,4607,90
2020-05-30,Honduras,HN,4886,199
2020-05-30,Nicaragua,NI,3770,950
2020-05-30,Panama,PA,12531,326
2020-05-31,Belize,BZ,18,2
2020-05-31,Costa_Rica,CR,1047,10
2020-05-31,El_Salvador,SV,2517,46
2020-05-31,Guatemala,GT,4739,102
2020-05-31,Honduras,HN,5094,201
2020-05-31,Nicaragua,NI,3919,989
2020-05-31,Panama,PA,13018,330
2020-06-01,Belize,BZ,18,2
2020-06-01,Costa_Rica,CR,1056,10
2020-06-01,El_Salvador,SV,2517,46
2020-06-01,Guatemala,GT,5087,108
2020-06-01,Honduras,HN,5202,212
2020-06-01,Nicaragua,NI,4115,1051
2020-06-01,Panama,PA,13463,336
2020-06-02,Belize,BZ,18,2
2020-06-02,Costa_Rica,CR,1084,10
2020-06-02,El_Salvador,SV,2582,46
2020-06-02,Guatemala,GT,5336,116
2020-06-02,Honduras,HN,5362,217
2020-06-02,Nicaragua,NI,4255,1093
2020-06-02,Panama,PA,13837,344
2020-06-03,Belize,BZ,18,2
2020-06-03,Costa_Rica,CR,1105,10
2020-06-03,El_Salvador,SV,2653,49
2020-06-03,Guatemala,GT,5586,123
2020-06-03,Honduras,HN,5527,225
2020-06-03,Nicaragua,NI,4392,1137
2020-06-03,Panama,PA,14095,352
2020-06-04,Belize,BZ,18,2
2020-06-04,Costa_Rica,CR,1157,10
2020-06-04,El_Salvador,SV,2705,51
2020-06-04,Guatemala,GT,5760,143
2020-06-04,Honduras,HN,5690,234
2020-06-04,Nicaragua,NI,4614,1207
2020-06-04,Panama,PA,14609,357
2020-06-05,Belize,BZ,18,2
2020-06-05,Costa_Rica,CR,1194,10
2020-06-05,El_Salvador,SV,2781,52
2020-06-05,Guatemala,GT,6154,158
2020-06-05,Honduras,HN,5880,243
2020-06-05,Nicaragua,NI,4772,1246
2020-06-05,Panama,PA,15044,363
2020-06-06,Belize,BZ,18,2
2020-06-06,Costa_Rica,CR,1228,10
2020-06-06,El_Salvador,SV,2849,53
2020-06-06,Guatemala,GT,6485,216
2020-06-06,Honduras,HN,5971,248
2020-06-06,Nicaragua,NI,4850,1276
2020-06-06,Panama,PA,15463,370
2020-06-07,Belize,BZ,18,2
2020-06-07,Costa_Rica,CR,1263,10
2020-06-07,El_Salvador,SV,2934,53
2020-06-07,Guatemala,GT,6792,230
2020-06-07,Honduras,HN,6155,250
2020-06-07,Nicaragua,NI,4968,1325
2020-06-07,Panama,PA,16004,386
2020-06-08,Belize,BZ,18,2
2020-06-08,Costa_Rica,CR,1318,10
2020-06-08,El_Salvador,SV,3015,55
2020-06-08,Guatemala,GT,7055,252
2020-06-08,Honduras,HN,6327,258
2020-06-08,Nicaragua,NI,5130,1377
2020-06-08,Panama,PA,16425,393
2020-06-09,Belize,BZ,19,2
2020-06-09,Costa_Rica,CR,1342,10
2020-06-09,El_Salvador,SV,3104,58
2020-06-09,Guatemala,GT,7502,267
2020-06-09,Honduras,HN,6450,262
2020-06-09,Nicaragua,NI,5224,1396
2020-06-09,Panama,PA,16854,398
2020-06-10,Belize,BZ,20,2
2020-06-10,Costa_Rica,CR,1375,11
2020-06-10,El_Salvador,SV,3191,60
2020-06-10,Guatemala,GT,7866,289
2020-06-10,Honduras,HN,6935,271
2020-06-10,Nicaragua,NI,5323,1421
2020-06-10,Panama,PA,17233,403
2020-06-11,Belize,BZ,20,2
2020-06-11,Costa_Rica,CR,1461,12
2020-06-11,El_Salvador,SV,3274,64
2020-06-11,Guatemala,GT,8221,316
2020-06-11,Honduras,HN,7360,290
2020-06-11,Nicaragua,NI,5445,1459
2020-06-11,Panama,PA,17889,413
2020-06-12,Belize,BZ,20,2
2020-06-12,Costa_Rica,CR,1538,12
2020-06-12,El_Salvador,SV,3481,68
2020-06-12,Guatemala,GT,8561,334
2020-06-12,Honduras,HN,7669,294
2020-06-12,Nicaragua,NI,5606,1504
2020-06-12,Panama,PA,18586,418
2020-06-13,Belize,BZ,20,2
2020-06-13,Costa_Rica,CR,1612,12
2020-06-13,El_Salvador,SV,3481,72
2020-06-13,Guatemala,GT,8982,351
2020-06-13,Honduras,HN,8132,306
2020-06-13,Nicaragua,NI,5698,1534
2020-06-13,Panama,PA,19211,421
2020-06-14,Belize,BZ,20,2
2020-06-14,Costa_Rica,CR,1662,12
2020-06-14,El_Salvador,SV,3603,72
2020-06-14,Guatemala,GT,9491,367
2020-06-14,Honduras,HN,8455,310
2020-06-14,Nicaragua,NI,5844,1573
2020-06-14,Panama,PA,20059,429
2020-06-15,Belize,BZ,21,2
2020-06-15,Costa_Rica,CR,1715,12
2020-06-15,El_Salvador,SV,3720,74
2020-06-15,Guatemala,GT,9845,384
2020-06-15,Honduras,HN,8858,312
2020-06-15,Nicaragua,NI,5995,1609
2020-06-15,Panama,PA,20686,437
2020-06-16,Belize,BZ,21,2
2020-06-16,Costa_Rica,CR,1744,12
2020-06-16,El_Salvador,SV,3826,76
2020-06-16,Guatemala,GT,10272,399
2020-06-16,Honduras,HN,9178,322
2020-06-16,Nicaragua,NI,6222,1686
2020-06-16,Panama,PA,21422,448
2020-06-17,Belize,BZ,21,2
2020-06-17,Costa_Rica,CR,1769,12
2020-06-17,El_Salvador,SV,3941,78
2020-06-17,Guatemala,GT,10706,418
2020-06-17,Honduras,HN,9656,330
2020-06-17,Nicaragua,NI,6362,1717
2020-06-17,Panama,PA,21962,457
2020-06-18,Belize,BZ,22,2
2020-06-18,Costa_Rica,CR,1871,12
2020-06-18,El_Salvador,SV,4066,82
2020-06-18,Guatemala,GT,11251,432
2020-06-18,Honduras,HN,10299,336
2020-06-18,Nicaragua,NI,6490,1751
2020-06-18,Panama,PA,22597,470
2020-06-19,Belize,BZ,22,2
2020-06-19,Costa_Rica,CR,1939,12
2020-06-19,El_Salvador,SV,4200,86
2020-06-19,Guatemala,GT,11868,449
2020-06-19,Honduras,HN,10739,343
2020-06-19,Nicaragua,NI,6681,1802
2020-06-19,Panama,PA,23351,475
2020-06-20,Belize,BZ,22,2
2020-06-20,Costa_Rica,CR,2058,12
2020-06-20,El_Salvador,SV,4329,93
2020-06-20,Guatemala,GT,12509,483
2020-06-20,Honduras,HN,11258,349
2020-06-20,Nicaragua,NI,6770,1831
2020-06-20,Panama,PA,24274,485
2020-06-21,Belize,BZ,22,2
2020-06-21,Costa_Rica,CR,2127,12
2020-06-21,El_Salvador,SV,4626,98
2020-06-21,Guatemala,GT,12755,514
2020-06-21,Honduras,HN,12250,358
2020-06-21,Nicaragua,NI,6877,1862
2020-06-21,Panama,PA,25222,493
2020-06-22,Belize,BZ,22,2
2020-06-22,Costa_Rica,CR,2213,12
2020-06-22,El_Salvador,SV,4626,107
2020-06-22,Guatemala,GT,13145,531
2020-06-22,Honduras,HN,12769,363
2020-06-22,Nicaragua,NI,6990,1897
2020-06-22,Panama,PA,26030,501
2020-06-23,Belize,BZ,23,2
2020-06-23,Costa_Rica,CR,2277,12
2020-06-23,El_Salvador,SV,4808,107
2020-06-23,Guatemala,GT,13769,547
2020-06-23,Honduras,HN,13356,395
2020-06-23,Nicaragua,NI,7099,1918
2020-06-23,Panama,PA,26752,521
2020-06-24,Belize,BZ,23,2
2020-06-24,Costa_Rica,CR,2368,12
2020-06-24,El_Salvador,SV,4973,113
2020-06-24,Guatemala,GT,14540,582
2020-06-24,Honduras,HN,13943,405
2020-06-24,Nicaragua,NI,7168,1943
2020-06-24,Panama,PA,27314,536
2020-06-25,Belize,BZ,23,2
2020-06-25,Costa_Rica,CR,2515,12
2020-06-25,El_Salvador,SV,5150,126
2020-06-25,Guatemala,GT,14819,601
2020-06-25,Honduras,HN,14571,417
2020-06-25,Nicaragua,NI,7235,1963
2020-06-25,Panama,PA,28030,547
2020-06-26,Belize,BZ,23,2
2020-06-26,Costa_Rica,CR,2684,12
2020-06-26,El_Salvador,SV,5336,133
2020-06-26,Guatemala,GT,15619,623
2020-06-26,Honduras,HN,15366,426
2020-06-26,Nicaragua,NI,7360,2003
2020-06-26,Panama,PA,29037,564
2020-06-27,Belize,BZ,24,2
2020-06-27,Costa_Rica,CR,2836,12
2020-06-27,El_Salvador,SV,5517,143
2020-06-27,Guatemala,GT,15828,672
2020-06-27,Honduras,HN,15994,471
2020-06-27,Nicaragua,NI,7419,2029
2020-06-27,Panama,PA,29905,575
2020-06-28,Belize,BZ,24,2
2020-06-28,Costa_Rica,CR,2979,12
2020-06-28,El_Salvador,SV,5934,152
2020-06-28,Guatemala,GT,16397,706
2020-06-28,Honduras,HN,17007,479
2020-06-28,Nicaragua,NI,7506,2057
2020-06-28,Panama,PA,30658,592
2020-06-29,Belize,BZ,24,2
2020-06-29,Costa_Rica,CR,3130,15
2020-06-29,El_Salvador,SV,5934,164
2020-06-29,Guatemala,GT,16930,727
2020-06-29,Honduras,HN,18082,479
2020-06-29,Nicaragua,NI,7598,2081
2020-06-29,Panama,PA,31686,604
2020-06-30,Belize,BZ,24,2
2020-06-30,Costa_Rica,CR,3269,15
2020-06-30,El_Salvador,SV,6173,164
2020-06-30,Guatemala,GT,17409,746
2020-06-30,Honduras,HN,18818,485
2020-06-30,Nicaragua,NI,7692,2105
2020-06-30,Panama,PA,32785,620
2020-07-01,Belize,BZ,28,2
2020-07-01,Costa_Rica,CR,3459,16
2020-07-01,El_Salvador,SV,6438,174
2020-07-01,Guatemala,GT,18096,773
2020-07-01,Honduras,HN,19558,497
2020-07-01,Nicaragua,NI,7790,2116
2020-07-01,Panama,PA,33550,631
2020-07-02,Belize,BZ,28,2
2020-07-02,Costa_Rica,CR,3753,17
2020-07-02,El_Salvador,SV,6736,182
2020-07-02,Guatemala,GT,19011,817
2020-07-02,Honduras,HN,20262,542
2020-07-02,Nicaragua,NI,7910,2140
2020-07-02,Panama,PA,34463,645
2020-07-03,Belize,BZ,28,2
2020-07-03,Costa_Rica,CR,4023,17
2020-07-03,El_Salvador,SV,7000,191
2020-07-03,Guatemala,GT,20072,843
2020-07-03,Honduras,HN,21120,591
2020-07-03,Nicaragua,NI,7961,2155
2020-07-03,Panama,PA,35237,667
2020-07-04,Belize,BZ,30,2
2020-07-04,Costa_Rica,CR,4311,18
2020-07-04,El_Salvador,SV,7267,210
2020-07-04,Guatemala,GT,21293,880
2020-07-04,Honduras,HN,22116,605
2020-07-04,Nicaragua,NI,7995,2165
2020-07-04,Panama,PA,35995,698
2020-07-05,Belize,BZ,30,2
2020-07-05,Costa_Rica,CR,4621,18
2020-07-05,El_Salvador,SV,7507,210
2020-07-05,Guatemala,GT,22501,920
2020-07-05,Honduras,HN,22921,629
2020-07-05,Nicaragua,NI,8047,2180
2020-07-05,Panama,PA,36983,720
2020-07-06,Belize,BZ,30,2
2020-07-06,Costa_Rica,CR,4996,19
2020-07-06,El_Salvador,SV,7777,217
2020-07-06,Guatemala,GT,23248,947
2020-07-06,Honduras,HN,23943,639
2020-07-06,Nicaragua,NI,8152,2234
2020-07-06,Panama,PA,38149,747
2020-07-07,Belize,BZ,30,2
2020-07-07,Costa_Rica,CR,5241,23
2020-07-07,El_Salvador,SV,8027,223
2020-07-07,Guatemala,GT,23972,981
2020-07-07,Honduras,HN,24665,656
2020-07-07,Nicaragua,NI,8265,2271
2020-07-07,Panama,PA,39334,770
2020-07-08,Belize,BZ,30,2
2020-07-08,Costa_Rica,CR,5486,23
2020-07-08,El_Salvador,SV,8307,229
2020-07-08,Guatemala,GT,24787,1004
2020-07-08,Honduras,HN,25428,677
2020-07-08,Nicaragua,NI,8350,2297
2020-07-08,Panama,PA,40291,799
2020-07-09,Belize,BZ,30,2
2020-07-09,Costa_Rica,CR,5836,24
2020-07-09,El_Salvador,SV,8566,235
2020-07-09,Guatemala,GT,25411,1053
2020-07-09,Honduras,HN,25978,694
2020-07-09,Nicaragua,NI,8407,2311
2020-07-09,Panama,PA,41251,819
2020-07-10,Belize,BZ,33,2
2020-07-10,Costa_Rica,CR,6485,25
2020-07-10,El_Salvador,SV,8844,243
2020-07-10,Guatemala,GT,26658,1092
2020-07-10,Honduras,HN,26384,704
2020-07-10,Nicaragua,NI,8488,2343
2020-07-10,Panama,PA,42216,839
2020-07-11,Belize,BZ,37,2
2020-07-11,Costa_Rica,CR,6845,26
2020-07-11,El_Salvador,SV,9142,249
2020-07-11,Guatemala,GT,27619,1139
2020-07-11,Honduras,HN,27053,750
2020-07-11,Nicaragua,NI,8519,2357
2020-07-11,Panama,PA,43257,863
2020-07-12,Belize,BZ,37,2
2020-07-12,Costa_Rica,CR,7231,28
2020-07-12,El_Salvador,SV,9391,254
2020-07-12,Guatemala,GT,28598,1172
2020-07-12,Honduras,HN,27583,771
2020-07-12,Nicaragua,NI,8560,2372
2020-07-12,Panama,PA,44332,893
2020-07-13,Belize,BZ,37,2
2020-07-13,Costa_Rica,CR,7596,30
2020-07-13,El_Salvador,SV,9674,267
2020-07-13,Guatemala,GT,29355,1219
2020-07-13,Honduras,HN,28090,774
2020-07-13,Nicaragua,NI,8606,2376
2020-07-13,Panama,PA,45633,909
2020-07-14,Belize,BZ,37,2
2020-07-14,Costa_Rica,CR,8036,31
2020-07-14,El_Salvador,SV,9978,278
2020-07-14,Guatemala,GT,29742,1244
2020-07-14,Honduras,HN,28579,789
2020-07-14,Nicaragua,NI,8639,2385
2020-07-14,Panama,PA,47173,932
2020-07-15,Belize,BZ,39,2
2020-07-15,Costa_Rica,CR,8482,36
2020-07-15,El_Salvador,SV,10303,278
2020-07-15,Guatemala,GT,30872,1302
2020-07-15,Honduras,HN,29106,807
2020-07-15,Nicaragua,NI,8706,2400
2020-07-15,Panama,PA,48096,960
2020-07-16,Belize,BZ,39,2
2020-07-16,Costa_Rica,CR,8986,40
2020-07-16,El_Salvador,SV,10645,298
2020-07-16,Guatemala,GT,32074,1350
2020-07-16,Honduras,HN,30036,825
2020-07-16,Nicaragua,NI,8752,2423
2020-07-16,Panama,PA,49243,982
2020-07-17,Belize,BZ,40,2
2020-07-17,Costa_Rica,CR,9546,42
2020-07-17,El_Salvador,SV,10957,309
2020-07-17,Guatemala,GT,32939,1404
2020-07-17,Honduras,HN,30867,835
2020-07-17,Nicaragua,NI,8803,2442
2020-07-17,Panama,PA,50373,1000
2020-07-18,Belize,BZ,40,2
2020-07-18,Costa_Rica,CR,9969,47
2020-07-18,El_Salvador,SV,11207,324
2020-07-18,Guatemala,GT,33809,1443
2020-07-18,Honduras,HN,31745,857
2020-07-18,Nicaragua,NI,8822,2452
2020-07-18,Panama,PA,51408,1038
2020-07-19,Belize,BZ,40,2
2020-07-19,Costa_Rica,CR,10551,54
2020-07-19,El_Salvador,SV,11508,324
2020-07-19,Guatemala,GT,38042,1449
2020-07-19,Honduras,HN,32793,891
2020-07-19,Nicaragua,NI,8852,2459
2020-07-19,Panama,PA,52261,1071
2020-07-20,Belize,BZ,40,2
2020-07-20,Costa_Rica,CR,11114,62
2020-07-20,El_Salvador,SV,11846,344
2020-07-20,Guatemala,GT,38677,1485
2020-07-20,Honduras,HN,33835,900
2020-07-20,Nicaragua,NI,8872,2463
2020-07-20,Panama,PA,53468,1096
2020-07-21,Belize,BZ,42,2
2020-07-21,Costa_Rica,CR,11534,66
2020-07-21,El_Salvador,SV,12207,352
2020-07-21,Guatemala,GT,39039,1502
2020-07-21,Honduras,HN,34611,935
2020-07-21,Nicaragua,NI,8926,2480
2020-07-21,Panama,PA,54426,1127
2020-07-22,Belize,BZ,43,2
2020-07-22,Costa_Rica,CR,11811,68
2020-07-22,El_Salvador,SV,12582,363
2020-07-22,Guatemala,GT,40229,1531
2020-07-22,Honduras,HN,35345,988
2020-07-22,Nicaragua,NI,8962,2488
2020-07-22,Panama,PA,55153,1159
2020-07-23,Belize,BZ,43,2
2020-07-23,Costa_Rica,CR,12361,71
2020-07-23,El_Salvador,SV,12975,363
2020-07-23,Guatemala,GT,41135,1573
2020-07-23,Honduras,HN,36102,1006
2020-07-23,Nicaragua,NI,8970,2492
2020-07-23,Panama,PA,55906,1180
2020-07-24,Belize,BZ,47,2
2020-07-24,Costa_Rica,CR,13129,80
2020-07-24,El_Salvador,SV,13377,372
2020-07-24,Guatemala,GT,42192,1632
2020-07-24,Honduras,HN,36902,1011
2020-07-24,Nicaragua,NI,9075,2500
2020-07-24,Panama,PA,56817,1209
2020-07-25,Belize,BZ,48,2
2020-07-25,Costa_Rica,CR,13669,87
2020-07-25,El_Salvador,SV,13792,390
2020-07-25,Guatemala,GT,43283,1669
2020-07-25,Honduras,HN,37559,1061
2020-07-25,Nicaragua,NI,9103,2507
2020-07-25,Panama,PA,57993,1250
2020-07-26,Belize,BZ,48,2
2020-07-26,Costa_Rica,CR,14600,98
2020-07-26,El_Salvador,SV,14221,390
2020-07-26,Guatemala,GT,44492,1669
2020-07-26,Honduras,HN,38438,1098
2020-07-26,Nicaragua,NI,9123,2515
2020-07-26,Panama,PA,58864,1275
2020-07-27,Belize,BZ,48,2
2020-07-27,Costa_Rica,CR,15229,104
2020-07-27,El_Salvador,SV,14630,408
2020-07-27,Guatemala,GT,45053,1734
2020-07-27,Honduras,HN,39276,1116
2020-07-27,Nicaragua,NI,9135,2524
2020-07-27,Panama,PA,60296,1294
2020-07-28,Belize,BZ,48,2
2020-07-28,Costa_Rica,CR,15841,115
2020-07-28,El_Salvador,SV,15035,408
2020-07-28,Guatemala,GT,45053,1734
2020-07-28,Honduras,HN,39741,1166
2020-07-28,Nicaragua,NI,9154,2526
2020-07-28,Panama,PA,61442,1322
2020-07-29,Belize,BZ,48,2
2020-07-29,Costa_Rica,CR,16344,125
2020-07-29,El_Salvador,SV,15446,417
2020-07-29,Guatemala,GT,45059,1761
2020-07-29,Honduras,HN,40460,1214
2020-07-29,Nicaragua,NI,9194,2536
2020-07-29,Panama,PA,62223,1349
2020-07-30,Belize,BZ,48,2
2020-07-30,Costa_Rica,CR,16800,133
2020-07-30,El_Salvador,SV,15841,430
2020-07-30,Guatemala,GT,47605,1835
2020-07-30,Honduras,HN,40944,1259
2020-07-30,Nicaragua,NI,9250,2557
2020-07-30,Panama,PA,63269,1374
2020-07-31,Belize,BZ,48,2
2020-07-31,Costa_Rica,CR,17290,140
2020-07-31,El_Salvador,SV,16230,439
2020-07-31,Guatemala,GT,48826,1867
2020-07-31,Honduras,HN,41426,1312
2020-07-31,Nicaragua,NI,9275,2560
2020-07-31,Panama,PA,64191,1397
2020-08-01,Belize,BZ,48,2
2020-08-01,Costa_Rica,CR,17820,150
2020-08-01,El_Salvador,SV,16632,448
2020-08-01,Guatemala,GT,49789,1924
2020-08-01,Honduras,HN,42402,1337
2020-08-01,Nicaragua,NI,9305,2563
2020-08-01,Panama,PA,65256,1421
2020-08-02,Belize,BZ,56,2
2020-08-02,Costa_Rica,CR,18187,154
2020-08-02,El_Salvador,SV,17050,467
2020-08-02,Guatemala,GT,50979,1959
2020-08-02,Honduras,HN,42685,1368
2020-08-02,Nicaragua,NI,9341,2567
2020-08-02,Panama,PA,66383,1449
2020-08-03,Belize,BZ,57,2
2020-08-03,Costa_Rica,CR,18975,162
2020-08-03,El_Salvador,SV,17448,467
2020-08-03,Guatemala,GT,51306,1995
2020-08-03,Honduras,HN,43197,1377
2020-08-03,Nicaragua,NI,9393,2572
2020-08-03,Panama,PA,67453,1471
2020-08-04,Belize,BZ,57,2
2020-08-04,Costa_Rica,CR,19402,171
2020-08-04,El_Salvador,SV,17843,486
2020-08-04,Guatemala,GT,51542,2013
2020-08-04,Honduras,HN,43794,1384
2020-08-04,Nicaragua,NI,9429,2586
2020-08-04,Panama,PA,68456,1497
2020-08-05,Belize,BZ,72,2
2020-08-05,Costa_Rica,CR,19837,181
2020-08-05,El_Salvador,SV,18262,486
2020-08-05,Guatemala,GT,52365,2037
2020-08-05,Honduras,HN,44299,1400
2020-08-05,Nicaragua,NI,9470,2597
2020-08-05,Panama,PA,69424,1522
2020-08-06,Belize,BZ,86,2
2020-08-06,Costa_Rica,CR,20417,191
2020-08-06,El_Salvador,SV,18701,513
2020-08-06,Guatemala,GT,53509,2072
2020-08-06,Honduras,HN,45098,1423
2020-08-06,Nicaragua,NI,9486,2601
2020-08-06,Panama,PA,70231,1553
2020-08-07,Belize,BZ,114,2
2020-08-07,Costa_Rica,CR,21070,200
2020-08-07,El_Salvador,SV,19126,520
2020-08-07,Guatemala,GT,54339,2119
2020-08-07,Honduras,HN,45755,1446
2020-08-07,Nicaragua,NI,9522,2614
2020-08-07,Panama,PA,71418,1574
2020-08-08,Belize,BZ,146,2
2020-08-08,Costa_Rica,CR,22081,218
2020-08-08,El_Salvador,SV,19544,536
2020-08-08,Guatemala,GT,55270,2168
2020-08-08,Honduras,HN,46365,1465
2020-08-08,Nicaragua,NI,9526,2617
2020-08-08,Panama,PA,72560,1591
2020-08-09,Belize,BZ,153,2
2020-08-09,Costa_Rica,CR,22082,228
2020-08-09,El_Salvador,SV,19978,536
2020-08-09,Guatemala,GT,56189,2197
2020-08-09,Honduras,HN,46976,1476
2020-08-09,Nicaragua,NI,9539,2618
2020-08-09,Panama,PA,73651,1609
2020-08-10,Belize,BZ,154,2
2020-08-10,Costa_Rica,CR,23286,235
2020-08-10,El_Salvador,SV,20423,563
2020-08-10,Guatemala,GT,56605,2211
2020-08-10,Honduras,HN,47454,1495
2020-08-10,Nicaragua,NI,9556,2623
2020-08-10,Panama,PA,74492,1639
2020-08-11,Belize,BZ,177,2
2020-08-11,Costa_Rica,CR,23872,244
2020-08-11,El_Salvador,SV,20872,570
2020-08-11,Guatemala,GT,56987,2222
2020-08-11,Honduras,HN,47872,1506
2020-08-11,Nicaragua,NI,9603,2625
2020-08-11,Panama,PA,75394,1664
2020-08-12,Belize,BZ,210,2
2020-08-12,Costa_Rica,CR,24508,255
2020-08-12,El_Salvador,SV,21269,577
2020-08-12,Guatemala,GT,57966,2233
2020-08-12,Honduras,HN,48403,1515
2020-08-12,Nicaragua,NI,9648,2626
2020-08-12,Panama,PA,76464,1680
2020-08-13,Belize,BZ,296,2
2020-08-13,Costa_Rica,CR,25057,263
2020-08-13,El_Salvador,SV,21644,577
2020-08-13,Guatemala,GT,59089,2267
2020-08-13,Honduras,HN,48657,1533
2020-08-13,Nicaragua,NI,9697,2632
2020-08-13,Panama,PA,77377,1703
2020-08-14,Belize,BZ,356,2
2020-08-14,Costa_Rica,CR,26129,272
2020-08-14,El_Salvador,SV,21993,584
2020-08-14,Guatemala,GT,60284,2296
2020-08-14,Honduras,HN,49042,1542
2020-08-14,Nicaragua,NI,9745,2638
2020-08-14,Panama,PA,78446,1722
2020-08-15,Belize,BZ,388,3
2020-08-15,Costa_Rica,CR,26931,281
2020-08-15,El_Salvador,SV,22314,595
2020-08-15,Guatemala,GT,61428,2341
2020-08-15,Honduras,HN,49467,1548
2020-08-15,Nicaragua,NI,9752,2639
2020-08-15,Panama,PA,79402,1734
2020-08-16,Belize,BZ,452,3
2020-08-16,Costa_Rica,CR,27737,291
2020-08-16,El_Salvador,SV,22619,612
2020-08-16,Guatemala,GT,62313,2355
2020-08-16,Honduras,HN,49979,1567
2020-08-16,Nicaragua,NI,9765,2640
2020-08-16,Panama,PA,80665,1746
2020-08-17,Belize,BZ,452,3
2020-08-17,Costa_Rica,CR,28465,294
2020-08-17,El_Salvador,SV,22912,618
2020-08-17,Guatemala,GT,62562,2379
2020-08-17,Honduras,HN,50502,1575
2020-08-17,Nicaragua,NI,9772,2640
2020-08-17,Panama,PA,81940,1767
2020-08-18,Belize,BZ,475,4
2020-08-18,Costa_Rica,CR,29084,304
2020-08-18,El_Salvador,SV,23193,618
2020-08-18,Guatemala,GT,62944,2389
2020-08-18,Honduras,HN,50995,1583
2020-08-18,Nicaragua,NI,9797,2644
2020-08-18,Panama,PA,82543,1788
2020-08-19,Belize,BZ,553,4
2020-08-19,Costa_Rica,CR,29643,314
2020-08-19,El_Salvador,SV,23462,633
2020-08-19,Guatemala,GT,63847,2419
2020-08-19,Honduras,HN,51670,1593
2020-08-19,Nicaragua,NI,9822,2651
2020-08-19,Panama,PA,82790,1809
2020-08-20,Belize,BZ,553,5
2020-08-20,Costa_Rica,CR,30409,321
2020-08-20,El_Salvador,SV,23717,640
2020-08-20,Guatemala,GT,64881,2467
2020-08-20,Honduras,HN,52296,1608
2020-08-20,Nicaragua,NI,9849,2655
2020-08-20,Panama,PA,83754,1827
2020-08-21,Belize,BZ,605,5
2020-08-21,Costa_Rica,CR,31075,333
2020-08-21,El_Salvador,SV,23964,640
2020-08-21,Guatemala,GT,65983,2506
2020-08-21,Honduras,HN,52819,1619
2020-08-21,Nicaragua,NI,9887,2664
2020-08-21,Panama,PA,83855,1844
2020-08-22,Belize,BZ,648,5
2020-08-22,Costa_Rica,CR,32134,340
2020-08-22,El_Salvador,SV,24420,654
2020-08-22,Guatemala,GT,66941,2532
2020-08-22,Honduras,HN,53381,1632
2020-08-22,Nicaragua,NI,9932,2667
2020-08-22,Panama,PA,84392,1859
2020-08-23,Belize,BZ,668,6
2020-08-23,Costa_Rica,CR,33084,348
2020-08-23,El_Salvador,SV,24420,654
2020-08-23,Guatemala,GT,67856,2580
2020-08-23,Honduras,HN,53983,1643
2020-08-23,Nicaragua,NI,9961,2670
2020-08-23,Panama,PA,85480,1878
2020-08-24,Belize,BZ,686,6
2020-08-24,Costa_Rica,CR,33820,355
2020-08-24,El_Salvador,SV,24622,669
2020-08-24,Guatemala,GT,68188,2594
2020-08-24,Honduras,HN,54511,1654
2020-08-24,Nicaragua,NI,9967,2672
2020-08-24,Panama,PA,86900,1892
2020-08-25,Belize,BZ,713,10
2020-08-25,Costa_Rica,CR,34463,362
2020-08-25,El_Salvador,SV,24811,678
2020-08-25,Guatemala,GT,68533,2611
2020-08-25,Honduras,HN,55479,1683
2020-08-25,Nicaragua,NI,9983,2678
2020-08-25,Panama,PA,87485,1906
2020-08-26,Belize,BZ,730,10
2020-08-26,Costa_Rica,CR,35305,376
2020-08-26,El_Salvador,SV,24986,687
2020-08-26,Guatemala,GT,69651,2630
2020-08-26,Honduras,HN,55479,1683
2020-08-26,Nicaragua,NI,9998,2680
2020-08-26,Panama,PA,88381,1919
2020-08-27,Belize,BZ,760,11
2020-08-27,Costa_Rica,CR,36307,386
2020-08-27,El_Salvador,SV,25140,687
2020-08-27,Guatemala,GT,70714,2662
2020-08-27,Honduras,HN,56649,1747
2020-08-27,Panama,PA,89082,1932
2020-08-28,Belize,BZ,818,12
2020-08-28,Costa_Rica,CR,37292,397
2020-08-28,El_Salvador,SV,25284,694
2020-08-28,Guatemala,GT,71856,2685
2020-08-28,Honduras,HN,57669,1803
2020-08-28,Panama,PA,89982,1948
2020-08-29,Belize,BZ,870,12
2020-08-29,Costa_Rica,CR,38485,407
2020-08-29,El_Salvador,SV,25415,702
2020-08-29,Guatemala,GT,72921,2709
2020-08-29,Honduras,HN,58810,1827
2020-08-29,Panama,PA,90624,1966
2020-08-30,Belize,BZ,964,13
2020-08-30,Costa_Rica,CR,39699,418
2020-08-30,El_Salvador,SV,25635,713
2020-08-30,Guatemala,GT,73679,2728
2020-08-30,Honduras,HN,59645,1842
2020-08-30,Panama,PA,91337,1983
2020-08-31,Belize,BZ,994,13
2020-08-31,Costa_Rica,CR,39699,418
2020-08-31,El_Salvador,SV,25729,717
2020-08-31,Guatemala,GT,73912,2740
2020-08-31,Honduras,HN,60174,1858
2020-08-31,Panama,PA,92065,1995
2020-09-01,Belize,BZ,1007,13
2020-09-01,Costa_Rica,CR,41287,436
2020-09-01,El_Salvador,SV,25820,724
2020-09-01,Guatemala,GT,74074,2760
2020-09-01,Honduras,HN,61014,1873
2020-09-01,Panama,PA,92982,2002
2020-09-02,Belize,BZ,1050,13
2020-09-02,Costa_Rica,CR,42184,443
2020-09-02,El_Salvador,SV,25904,731
2020-09-02,Guatemala,GT,74893,2778
2020-09-02,Honduras,HN,61769,1888
2020-09-02,Panama,PA,93552,2018
2020-09-03,Belize,BZ,1101,13
2020-09-03,Costa_Rica,CR,43305,453
2020-09-03,El_Salvador,SV,25904,739
2020-09-03,Guatemala,GT,75664,2790
2020-09-03,Honduras,HN,62526,1924
2020-09-03,Panama,PA,94084,2030
2020-09-04,Belize,BZ,1118,13
2020-09-04,Costa_Rica,CR,44458,460
2020-09-04,El_Salvador,SV,26000,744
2020-09-04,Guatemala,GT,76358,2804
2020-09-04,Honduras,HN,63158,1954
2020-09-04,Panama,PA,94914,2046
